{"cameraMode":{"drawMode":0,"name":"Shaded","section":"Shading Mode"},"sceneLighting":false,"audioPlay":false,"sceneViewState":{"m_AlwaysRefresh":false,"showFog":true,"showSkybox":true,"showFlares":true,"showImageEffects":true,"showParticleSystems":true,"showVisualEffectGraphs":true,"m_FxEnabled":true},"in2DMode":false,"pivot":{"x":5.042153835296631,"y":13.321270942687989,"z":5.995677947998047},"rotation":{"x":-0.7244805693626404,"y":0.0003864673199132085,"z":-0.00045716200838796794,"w":-0.689253032207489},"size":0.8660253882408142,"orthographic":false}